language;mean;std_dev;date
C# (8.0.122);0,046873;0,000318;2025-12-17
Python (3.12.3);0,139;0;2025-12-13
PowerShell (7.6.6);0,505;0,004;2026-09-30
Scala uberjar (3.7.4);0,142;0,003;2025-12-21
Kotlin uberjar (2.3.0);0,067;0,002;2026-05-26
Clojure uberjar (1.11.1);0,416;0,004;2025-12-21
Gleam (1.18.1;Erlang VM);0,414;0,004;2026-09-15
Ruby (3.2.10,YARV);0,072;0,003;2026-05-26
Groovy uberjar (5.0.4);0,341;0,004;2026-01-29
Lua (5.4.8);0,120762;0,000766;2025-12-21
Dart ahead-of-time (3.10.8);0,014;0,003;2026-02-08
Dart interpreted (3.10.8);0,217;0,004;2026-02-08
Dart just-in-time (3.10.8);0,102;0,004;2026-02-08
PHP (8.3.6,Zend 4.3.6);0,015;0,001;2026-02-09
Ballerina uberjar (2201.13.4);0,459;0,007;2026-08-18
Java uberjar (25.0.2);0,051;0,001;2026-05-19
Smalltalk (GNU 3.2.91);0,258;0,006;2026-05-20
Forth (Gforth 0.7.9);0,022267;0,000128;2026-07-09
Oberon-2 (OBC 3.3.0);0,027451;0,000567;2026-07-14
